"Part";"Value";"Device";"Package";"Description";"MPN";"OC_FARNELL";"OC_NEWARK";"PACKAGE";"SPICEPREFIX";"SUPPLIER";
"+9V";"LSP10";"LSP10";"LSP10";"SOLDER PAD drill 1.0 mm, distributor Buerklin, 12H555";"";"";"";"";"";"";
"C1";"100n";"C-EU050-025X075";"C050-025X075";"CAPACITOR, European symbol";"";"";"";"";"C";"";
"C2";"100u";"CPOL-USE2.5-6";"E2,5-6";"POLARIZED CAPACITOR, American symbol";"";"";"";"";"C";"";
"C3";"47u";"CPOL-USE2.5-6";"E2,5-6";"POLARIZED CAPACITOR, American symbol";"";"";"";"";"C";"";
"C4";"15n";"C-EU050-025X075";"C050-025X075";"CAPACITOR, European symbol";"";"";"";"";"C";"";
"C5";"100u";"CPOL-USE2.5-6";"E2,5-6";"POLARIZED CAPACITOR, American symbol";"";"";"";"";"C";"";
"C6";"100n";"C-EU050-025X075";"C050-025X075";"CAPACITOR, European symbol";"";"";"";"";"C";"";
"C7";"220n";"C-EU050-025X075";"C050-025X075";"CAPACITOR, European symbol";"";"";"";"";"C";"";
"C8";"100p";"C-EU050-025X075";"C050-025X075";"CAPACITOR, European symbol";"";"";"";"";"C";"";
"C9";"4n7";"C-EU050-025X075";"C050-025X075";"CAPACITOR, European symbol";"";"";"";"";"C";"";
"C10";"100u";"CPOL-USE2.5-6";"E2,5-6";"POLARIZED CAPACITOR, American symbol";"";"";"";"";"C";"";
"C11";"470p";"C-EU050-025X075";"C050-025X075";"CAPACITOR, European symbol";"";"";"";"";"C";"";
"C12";"100u";"CPOL-USE2.5-6";"E2,5-6";"POLARIZED CAPACITOR, American symbol";"";"";"";"";"C";"";
"C13";"1u";"C-EU050-025X075";"C050-025X075";"CAPACITOR, European symbol";"";"";"";"";"C";"";
"C14";"470p";"C-EU050-025X075";"C050-025X075";"CAPACITOR, European symbol";"";"";"";"";"C";"";
"C15";"1u";"C-EU050-025X075";"C050-025X075";"CAPACITOR, European symbol";"";"";"";"";"C";"";
"D1";"";"DO41.3";"DO41-3";"1N400x, 1N5817";"";"";"";"";"";"";
"D2";"LED.3";"LED.3";"3MM_2";"LEDs, all sizes";"";"";"";"";"";"";
"D3";"LED.3";"LED.3";"3MM_2";"LEDs, all sizes";"";"";"";"";"";"";
"D4";"LED.3";"LED.3";"3MM_2";"LEDs, all sizes";"";"";"";"";"";"";
"DELTA";"25kB";"16MM.1";"16MM_B.MOUNT";"16mm Poteniometers";"";"";"";"";"";"";
"DEPTH1";"25kC";"16MM.1";"16MM_B.MOUNT";"16mm Poteniometers";"";"";"";"";"";"";
"DEPTH2";"25kC";"16MM.1";"16MM_B.MOUNT";"16mm Poteniometers";"";"";"";"";"";"";
"GND";"LSP10";"LSP10";"LSP10";"SOLDER PAD drill 1.0 mm, distributor Buerklin, 12H555";"";"";"";"";"";"";
"GND_IN";"LSP10";"LSP10";"LSP10";"SOLDER PAD drill 1.0 mm, distributor Buerklin, 12H555";"";"";"";"";"";"";
"GND_OUT";"LSP10";"LSP10";"LSP10";"SOLDER PAD drill 1.0 mm, distributor Buerklin, 12H555";"";"";"";"";"";"";
"IC1";"TL072P";"TL072P";"DIL08";"OP AMP";"";"";"";"";"";"";
"IC2";"78L05Z";"78L05Z";"TO92";"Positive VOLTAGE REGULATOR";"";"";"";"";"";"";
"IC3";"TL074P";"TL074P";"DIL14";"OP AMP";"";"";"";"";"";"";
"IN";"LSP10";"LSP10";"LSP10";"SOLDER PAD drill 1.0 mm, distributor Buerklin, 12H555";"";"";"";"";"";"";
"LDR1";"KE-10720";"LDR1";"LDR1";"Photocells (various)";"";"";"";"";"";"";
"LDR2";"KE-10720";"LDR1";"LDR1";"Photocells (various)";"";"";"";"";"";"";
"LDR3";"KE-10720";"LDR1";"LDR1";"Photocells (various)";"";"";"";"";"";"";
"LDR4";"KE-10720";"LDR1";"LDR1";"Photocells (various)";"";"";"";"";"";"";
"LED";"LSP10";"LSP10";"LSP10";"SOLDER PAD drill 1.0 mm, distributor Buerklin, 12H555";"";"";"";"";"";"";
"MODE";"";"SPDT.LUGS";"SPDT.LUGS";"SPDT Switches";"";"";"";"";"";"";
"OUT";"LSP10";"LSP10";"LSP10";"SOLDER PAD drill 1.0 mm, distributor Buerklin, 12H555";"";"";"";"";"";"";
"OUT_TRIM";"100k";"TRIM_US-B25P";"B25P";"POTENTIOMETER";"";"";"";"";"";"";
"R1";"1M";"R-US_0204/7";"0204/7";"RESISTOR, American symbol";"";"";"";"";"R";"";
"R2";"1M";"R-US_0204/7";"0204/7";"RESISTOR, American symbol";"";"";"";"";"R";"";
"R3";"10k";"R-US_0204/7";"0204/7";"RESISTOR, American symbol";"";"";"";"";"R";"";
"R4";"10k";"R-US_0204/7";"0204/7";"RESISTOR, American symbol";"";"";"";"";"R";"";
"R5";"47k";"R-US_0204/7";"0204/7";"RESISTOR, American symbol";"";"";"";"";"R";"";
"R6";"47k";"R-US_0204/7";"0204/7";"RESISTOR, American symbol";"";"";"";"";"R";"";
"R7";"10k";"R-US_0204/7";"0204/7";"RESISTOR, American symbol";"";"";"";"";"R";"";
"R8";"47k";"R-US_0204/7";"0204/7";"RESISTOR, American symbol";"";"";"";"";"R";"";
"R9";"15k";"R-US_0204/7";"0204/7";"RESISTOR, American symbol";"";"";"";"";"R";"";
"R10";"22k";"R-US_0204/7";"0204/7";"RESISTOR, American symbol";"";"";"";"";"R";"";
"R11";"47k";"R-US_0204/7";"0204/7";"RESISTOR, American symbol";"";"";"";"";"R";"";
"R12";"47k";"R-US_0204/7";"0204/7";"RESISTOR, American symbol";"";"";"";"";"R";"";
"R13";"47k";"R-US_0204/7";"0204/7";"RESISTOR, American symbol";"";"";"";"";"R";"";
"R14";"47k";"R-US_0204/7";"0204/7";"RESISTOR, American symbol";"";"";"";"";"R";"";
"R15";"47k";"R-US_0204/7";"0204/7";"RESISTOR, American symbol";"";"";"";"";"R";"";
"R16";"100k";"R-US_0204/7";"0204/7";"RESISTOR, American symbol";"";"";"";"";"R";"";
"R17";"100k";"R-US_0204/7";"0204/7";"RESISTOR, American symbol";"";"";"";"";"R";"";
"R18";"10k";"R-US_0204/7";"0204/7";"RESISTOR, American symbol";"";"";"";"";"R";"";
"R19";"56k";"R-US_0204/7";"0204/7";"RESISTOR, American symbol";"";"";"";"";"R";"";
"RLED";"10k";"TRIMMER";"TRIM1";"Trimpots";"";"";"";"";"";"";
"SPEED1";"10kB";"16MM.1";"16MM_B.MOUNT";"16mm Poteniometers";"";"";"";"";"";"";
"SPEED2";"10kB";"16MM.1";"16MM_B.MOUNT";"16mm Poteniometers";"";"";"";"";"";"";
"SW";"LSP10";"LSP10";"LSP10";"SOLDER PAD drill 1.0 mm, distributor Buerklin, 12H555";"";"";"";"";"";"";
"U1";"ATTINY85-20PU";"ATTINY85-20PU";"DIP254P762X533-8";"8-bit Microcontroller with In-System Programmable Flash";"ATTINY85-20PU";"1455162";"58M3796";"PDIP-8";"";"Atmel";
