"Qty";"Value";"Device";"Package";"Parts";"Description";"MPN";"OC_FARNELL";"OC_NEWARK";"PACKAGE";"SPICEPREFIX";"SUPPLIER";
"1";"";"DO41.3";"DO41-3";"D1";"1N400x, 1N5817";"";"";"";"";"";"";
"1";"";"SPDT.LUGS";"SPDT.LUGS";"MODE";"SPDT Switches";"";"";"";"";"";"";
"2";"100k";"R-US_0204/7";"0204/7";"R16, R17";"RESISTOR, American symbol";"";"";"";"";"R";"";
"1";"100k";"TRIM_US-B25P";"B25P";"OUT_TRIM";"POTENTIOMETER";"";"";"";"";"";"";
"2";"100n";"C-EU050-025X075";"C050-025X075";"C1, C6";"CAPACITOR, European symbol";"";"";"";"";"C";"";
"1";"100p";"C-EU050-025X075";"C050-025X075";"C8";"CAPACITOR, European symbol";"";"";"";"";"C";"";
"4";"100u";"CPOL-USE2.5-6";"E2,5-6";"C2, C5, C10, C12";"POLARIZED CAPACITOR, American symbol";"";"";"";"";"C";"";
"4";"10k";"R-US_0204/7";"0204/7";"R3, R4, R7, R18";"RESISTOR, American symbol";"";"";"";"";"R";"";
"1";"10k";"TRIMMER";"TRIM1";"RLED";"Trimpots";"";"";"";"";"";"";
"2";"10kB";"16MM.1";"16MM_B.MOUNT";"SPEED1, SPEED2";"16mm Poteniometers";"";"";"";"";"";"";
"1";"15k";"R-US_0204/7";"0204/7";"R9";"RESISTOR, American symbol";"";"";"";"";"R";"";
"1";"15n";"C-EU050-025X075";"C050-025X075";"C4";"CAPACITOR, European symbol";"";"";"";"";"C";"";
"2";"1M";"R-US_0204/7";"0204/7";"R1, R2";"RESISTOR, American symbol";"";"";"";"";"R";"";
"2";"1u";"C-EU050-025X075";"C050-025X075";"C13, C15";"CAPACITOR, European symbol";"";"";"";"";"C";"";
"1";"220n";"C-EU050-025X075";"C050-025X075";"C7";"CAPACITOR, European symbol";"";"";"";"";"C";"";
"1";"22k";"R-US_0204/7";"0204/7";"R10";"RESISTOR, American symbol";"";"";"";"";"R";"";
"1";"25kB";"16MM.1";"16MM_B.MOUNT";"DELTA";"16mm Poteniometers";"";"";"";"";"";"";
"2";"25kC";"16MM.1";"16MM_B.MOUNT";"DEPTH1, DEPTH2";"16mm Poteniometers";"";"";"";"";"";"";
"2";"470p";"C-EU050-025X075";"C050-025X075";"C11, C14";"CAPACITOR, European symbol";"";"";"";"";"C";"";
"8";"47k";"R-US_0204/7";"0204/7";"R5, R6, R8, R11, R12, R13, R14, R15";"RESISTOR, American symbol";"";"";"";"";"R";"";
"1";"47u";"CPOL-USE2.5-6";"E2,5-6";"C3";"POLARIZED CAPACITOR, American symbol";"";"";"";"";"C";"";
"1";"4n7";"C-EU050-025X075";"C050-025X075";"C9";"CAPACITOR, European symbol";"";"";"";"";"C";"";
"1";"56k";"R-US_0204/7";"0204/7";"R19";"RESISTOR, American symbol";"";"";"";"";"R";"";
"1";"78L05Z";"78L05Z";"TO92";"IC2";"Positive VOLTAGE REGULATOR";"";"";"";"";"";"";
"1";"ATTINY85-20PU";"ATTINY85-20PU";"DIP254P762X533-8";"U1";"8-bit Microcontroller with In-System Programmable Flash";"ATTINY85-20PU";"1455162";"58M3796";"PDIP-8";"";"Atmel";
"4";"KE-10720";"LDR1";"LDR1";"LDR1, LDR2, LDR3, LDR4";"Photocells (various)";"";"";"";"";"";"";
"3";"LED.3";"LED.3";"3MM_2";"D2, D3, D4";"LEDs, all sizes";"";"";"";"";"";"";
"8";"LSP10";"LSP10";"LSP10";"+9V, GND, GND_IN, GND_OUT, IN, LED, OUT, SW";"SOLDER PAD drill 1.0 mm, distributor Buerklin, 12H555";"";"";"";"";"";"";
"1";"TL072P";"TL072P";"DIL08";"IC1";"OP AMP";"";"";"";"";"";"";
"1";"TL074P";"TL074P";"DIL14";"IC3";"OP AMP";"";"";"";"";"";"";
